model,accuracy,precision,recall,f1_score,roc_auc
VGG19,0.4166666666666667,0.25925925925925924,0.4166666666666667,0.30036630036630035,0.7291666666666666
