model,accuracy,precision,recall,f1_score,roc_auc
ResNet18,0.5,0.3333333333333333,0.5,0.4000000000000001,0.75
